{"cameraMode":{"drawMode":0,"name":"Shaded","section":"Shading Mode"},"sceneLighting":true,"audioPlay":false,"sceneViewState":{"m_AlwaysRefresh":false,"showFog":true,"showSkybox":true,"showFlares":true,"showImageEffects":true,"showParticleSystems":true,"showVisualEffectGraphs":true,"m_FxEnabled":true},"in2DMode":false,"pivot":{"x":-3.809627056121826,"y":2.8084092140197756,"z":0.6167725324630737},"rotation":{"x":0.23767033219337464,"y":0.016026347875595094,"z":-0.003921915777027607,"w":0.9712058901786804},"size":3.9520466327667238,"orthographic":false}